<beans xmlns="http://www.springframework.org/schema/beans"
	xmlns:xsi="http://www.w3.org/2001/XMLSchema-instance" xmlns:context="http://www.springframework.org/schema/context"
	xsi:schemaLocation="http://www.springframework.org/schema/beans
     http://www.springframework.org/schema/beans/spring-beans-4.0.xsd
     http://www.springframework.org/schema/context
     http://www.springframework.org/schema/context/spring-context-4.0.xsd">

	<bean id="emp" class="com.cg.spring.dto.Employee">

		<!-- <constructor-arg name="empId" value="123"></constructor-arg> <constructor-arg 
			type="String" value="ABCDEFG"></constructor-arg> -->

		<property name="empId" value="123456"></property>
		<property name="empName" value="Babitha"></property>
		<property name="pro">
			<list>
				<ref bean="one" />
				<ref bean="two" />
			</list>
		</property>
		<!-- <property name="proOne" ref="one"></property> <property name="proTwo" 
			ref="two"></property> -->

	</bean> <!-- creating object of bean class -->

	<bean id="one" class="com.cg.spring.dto.Project">
		<property name="projId" value="2000"></property>
		<property name="projName" value="CloudServices"></property>
	</bean>
	<bean id="two" class="com.cg.spring.dto.Project">
		<property name="projId" value="2001"></property>
		<property name="projName" value="SalesForce"></property>

	</bean>

</beans>