<beans xmlns="http://www.springframework.org/schema/beans"
	xmlns:xsi="http://www.w3.org/2001/XMLSchema-instance" 
	xmlns:context="http://www.springframework.org/schema/context"
	xsi:schemaLocation="http://www.springframework.org/schema/beans
     http://www.springframework.org/schema/beans/spring-beans-4.0.xsd
     http://www.springframework.org/schema/context
     http://www.springframework.org/schema/context/spring-context-4.0.xsd">
     
     <bean id="tran" class="com.cg.dto.Triangle"></bean> <!-- creating object of bean class -->
     <bean id="cir" class="com.cg.dto.Circle"></bean>
     <bean id="emp" class="com.cg.dto.Employee" init-method="getData"><!-- first init method is executed -->
     <property name="empId" value="142884"></property> <!-- must have setters in the bean class -->
     <property name="empName" value="Babitha Nadar"></property>
     </bean>
</beans>